img,caption
Dataset/SSID_Images//1.jpg,a group of people walking up a snowy slope
Dataset/SSID_Images//2.jpg,a person on a snowboard on a mountain
Dataset/SSID_Images//3.jpg,a man climbing up a snowy mountain
Dataset/SSID_Images//4.jpg,a man standing on top of a mountain
Dataset/SSID_Images//5.jpg,a man sitting on top of a snowy mountain
Dataset/SSID_Images//6.jpg,a man climbing up a mountain with a helmet on
Dataset/SSID_Images//7.jpg,a field with a fence and mountains in the background
Dataset/SSID_Images//8.jpg,a man with a backpack on a trail
Dataset/SSID_Images//9.jpg,the summit of the mountain is covered in snow
Dataset/SSID_Images//10.jpg,a man wearing a blue shirt
Dataset/SSID_Images//11.jpg,a woman is holding a surfboard in her hand
Dataset/SSID_Images//12.jpg,a group of people walking on a trail
Dataset/SSID_Images//13.jpg,a man standing on top of a mountain
Dataset/SSID_Images//14.jpg,a man standing on top of a mountain
Dataset/SSID_Images//15.jpg,a man is skiing down a snowy mountain
Dataset/SSID_Images//16.jpg,a person skiing down a snowy mountain
Dataset/SSID_Images//17.jpg,the summit of the mountain is covered in snow
Dataset/SSID_Images//18.jpg,a person skiing down a snowy mountain
Dataset/SSID_Images//19.jpg,two people walking up a snowy mountain
Dataset/SSID_Images//20.jpg,a man with a rifle standing on top of a mountain
Dataset/SSID_Images//21.jpg,a group of people climbing up a mountain
Dataset/SSID_Images//22.jpg,a person on skis is taking a picture
Dataset/SSID_Images//23.jpg,a group of people walking up a snowy mountain
Dataset/SSID_Images//24.jpg,"the cover art for the album,'the mountain '"
Dataset/SSID_Images//25.jpg,a man climbing on a mountain with a rope
Dataset/SSID_Images//26.jpg,a man sitting on a bench
Dataset/SSID_Images//27.jpg,a woman taking a picture of a field
Dataset/SSID_Images//28.jpg,a woman sitting at a table with a white board
Dataset/SSID_Images//29.jpg,a woman is standing in front of a painting
Dataset/SSID_Images//30.jpg,a desk with a computer and a book on it
Dataset/SSID_Images//31.jpg,a room with a lot of clutter
Dataset/SSID_Images//32.jpg,a man running down a hill with trees in the background
Dataset/SSID_Images//33.jpg,a person walking up a mountain with a backpack
Dataset/SSID_Images//34.jpg,a man is running on a rocky mountain
Dataset/SSID_Images//35.jpg,a man climbing up a steep on a mountain
Dataset/SSID_Images//36.jpg,two men sitting on a rock
Dataset/SSID_Images//37.jpg,a view of the mountains from a cliff
Dataset/SSID_Images//38.jpg,a man climbing on a cliff with a mountain in the background
Dataset/SSID_Images//39.jpg,a man climbing on a rock
Dataset/SSID_Images//40.jpg,"a man climbing on a rock with the words, the best climbing gear for men"
Dataset/SSID_Images//41.jpg,a group of men standing next to each other men
Dataset/SSID_Images//42.jpg,a man and woman in a car
Dataset/SSID_Images//43.jpg,a man is standing in the back of a truck
Dataset/SSID_Images//44.jpg,two men sitting in the back of a truck
Dataset/SSID_Images//45.jpg,a group of people are getting off a boat
Dataset/SSID_Images//46.jpg,a boat is traveling through the ocean
Dataset/SSID_Images//47.jpg,a surfer rides a wave in the ocean
Dataset/SSID_Images//48.jpg,a man in a boat looking out at the ocean
Dataset/SSID_Images//49.jpg,a man holding a surfboard
Dataset/SSID_Images//50.jpg,a surfer rides a wave in the ocean
Dataset/SSID_Images//51.jpg,a man and a little girl on a boat
Dataset/SSID_Images//52.jpg,a person in a scuba suit is diving
Dataset/SSID_Images//53.jpg,a diver swimming over a turtle in the ocean
Dataset/SSID_Images//54.jpg,a man holding a fish in his hand
Dataset/SSID_Images//55.jpg,a man holding a fish in the water
Dataset/SSID_Images//56.jpg,a woman is diving in the ocean
Dataset/SSID_Images//57.jpg,a person swimming in the ocean
Dataset/SSID_Images//58.jpg,a woman is standing on a coral reef
Dataset/SSID_Images//59.jpg,a scuba in the ocean with a camera
Dataset/SSID_Images//60.jpg,a man holding a fish
Dataset/SSID_Images//61.jpg,a woman riding a wave on top of a surfboard
Dataset/SSID_Images//62.jpg,a person is peeling a fish on a table
Dataset/SSID_Images//63.jpg,a bird is sitting on a grill
Dataset/SSID_Images//64.jpg,a person cutting meat on a wooden board
Dataset/SSID_Images//65.jpg,a group of people standing around a table
Dataset/SSID_Images//66.jpg,a man kneeling on the ground
Dataset/SSID_Images//67.jpg,a group of people playing a game of soccer
Dataset/SSID_Images//68.jpg,a man is throwing a frck
Dataset/SSID_Images//69.jpg,a man kneeling in the grass
Dataset/SSID_Images//70.jpg,a man standing on a wooden bridge
Dataset/SSID_Images//71.jpg,a bunch of bananas
Dataset/SSID_Images//72.jpg,a white horse
Dataset/SSID_Images//73.jpg,a man wearing a hat
Dataset/SSID_Images//74.jpg,two men are looking at a map
Dataset/SSID_Images//75.jpg,a large mountain range
Dataset/SSID_Images//76.jpg,a group of people walking through a forest
Dataset/SSID_Images//77.jpg,a bird flying in the air
Dataset/SSID_Images//78.jpg,two people walking through a forest
Dataset/SSID_Images//79.jpg,a view of the jungle from a hill
Dataset/SSID_Images//80.jpg,a man in a forest
Dataset/SSID_Images//81.jpg,a view of the amazon river from a helicopter
Dataset/SSID_Images//82.jpg,a group of people in a raft raft on a river
Dataset/SSID_Images//83.jpg,a man in a canoe is being pulled by another man
Dataset/SSID_Images//84.jpg,a man and a woman are in a canoe
Dataset/SSID_Images//85.jpg,a man holding a stick near a river
Dataset/SSID_Images//86.jpg,a man in a blue shirt and tie is talking to another man
Dataset/SSID_Images//87.jpg,a man sitting on a bench
Dataset/SSID_Images//88.jpg,a man in a blue shirt talking to another man
Dataset/SSID_Images//89.jpg,a man sitting on a bench
Dataset/SSID_Images//90.jpg,a man with a blue shirt and a green background
Dataset/SSID_Images//91.jpg,a rocky beach
Dataset/SSID_Images//92.jpg,a man standing on a rock near the ocean
Dataset/SSID_Images//93.jpg,a man walking on rocks with a camera
Dataset/SSID_Images//94.jpg,a man in a hat and a shirt is standing in front of a pile of rocks
Dataset/SSID_Images//95.jpg,a man standing on a rocky beach next to the ocean
Dataset/SSID_Images//96.jpg,a man on a boat in the water
Dataset/SSID_Images//97.jpg,a man is in the water with a paddle
Dataset/SSID_Images//98.jpg,a man in a boat in the ocean
Dataset/SSID_Images//99.jpg,a man is standing on a rock in the water
Dataset/SSID_Images//100.jpg,a man standing on a rocky beach next to a body of water
Dataset/SSID_Images//101.jpg,a man sitting on a tree
Dataset/SSID_Images//102.jpg,a man sitting on a rock
Dataset/SSID_Images//103.jpg,a rocky beach with a body of water
Dataset/SSID_Images//104.jpg,a beach with a tree and a body of water
Dataset/SSID_Images//105.jpg,a person is walking on a rocky beach
Dataset/SSID_Images//106.jpg,a rocky coastline with a small island in the distance
Dataset/SSID_Images//107.jpg,a man standing on a rocky beach next to the ocean
Dataset/SSID_Images//108.jpg,a man is kneeling on the rocks
Dataset/SSID_Images//109.jpg,a man sitting on a rock
Dataset/SSID_Images//110.jpg,a fire on the beach
Dataset/SSID_Images//111.jpg,a man sitting on a rocky beach next to a fire
Dataset/SSID_Images//112.jpg,a beach with rocks and water under a cloudy sky
Dataset/SSID_Images//113.jpg,a lightning strikes over the ocean in the distance
Dataset/SSID_Images//114.jpg,a man talking on a cell phone
Dataset/SSID_Images//115.jpg,a man sitting by a fire on the beach
Dataset/SSID_Images//116.jpg,a boat in the water
Dataset/SSID_Images//117.jpg,a man in a hat and plaid shirt standing on a boat
Dataset/SSID_Images//118.jpg,a boat is floating in the water near a shore
Dataset/SSID_Images//119.jpg,a man is fishing on a boat in the water
Dataset/SSID_Images//120.jpg,a view of a lake and a beach
Dataset/SSID_Images//121.jpg,a boat floating in the water
Dataset/SSID_Images//122.jpg,a boat is in the water with a man on it
Dataset/SSID_Images//123.jpg,a man is on a boat in the water
Dataset/SSID_Images//124.jpg,a view of the beach and water from a helicopter
Dataset/SSID_Images//125.jpg,a person in a kayak pad pada
Dataset/SSID_Images//126.jpg,a man in a boat with a camera
Dataset/SSID_Images//127.jpg,a man in a hat is standing inside a car
Dataset/SSID_Images//128.jpg,a man in a hat is standing in a truck
Dataset/SSID_Images//129.jpg,a man in a hat is sitting in a truck
Dataset/SSID_Images//130.jpg,a man in a hat and a black shirt
Dataset/SSID_Images//131.jpg,a man is sitting on a boat in the water
Dataset/SSID_Images//132.jpg,a man is sitting on the bow of a boat
Dataset/SSID_Images//133.jpg,a boat is traveling down the river at sunset
Dataset/SSID_Images//134.jpg,a man sitting on a boat in the water
Dataset/SSID_Images//135.jpg,a man in a boat
Dataset/SSID_Images//136.jpg,a boat traveling down the ocean near a mountain
Dataset/SSID_Images//137.jpg,a view of the ocean from a hill
Dataset/SSID_Images//138.jpg,a group of people on a boat in the water
Dataset/SSID_Images//139.jpg,a man standing on a rock near the ocean
Dataset/SSID_Images//140.jpg,a boat is in the water with people on it
Dataset/SSID_Images//141.jpg,a man walking through a forest filled with trees
Dataset/SSID_Images//142.jpg,a man in the jungle
Dataset/SSID_Images//143.jpg,a man is kneeling down to pick a plant
Dataset/SSID_Images//144.jpg,a small island in the middle of the ocean
Dataset/SSID_Images//145.jpg,a man is fishing in the ocean at sunset
Dataset/SSID_Images//146.jpg,a group of people standing on a cliff
Dataset/SSID_Images//147.jpg,a view of the ocean from a hill
Dataset/SSID_Images//148.jpg,a man is standing in the woods
Dataset/SSID_Images//149.jpg,a man in the woods
Dataset/SSID_Images//150.jpg,a man in the woods
Dataset/SSID_Images//151.jpg,a man standing in the woods
Dataset/SSID_Images//152.jpg,a man sitting on the ground
Dataset/SSID_Images//153.jpg,a man holding a bunch of bananas
Dataset/SSID_Images//154.jpg,a monkey in the jungle
Dataset/SSID_Images//155.jpg,a man sleeping under a tree
Dataset/SSID_Images//156.jpg,a man standing under a tree with a camera
Dataset/SSID_Images//157.jpg,a small animal in the middle of a forest
Dataset/SSID_Images//158.jpg,a man is digging a hole in the ground
Dataset/SSID_Images//159.jpg,a rocky cliff
Dataset/SSID_Images//160.jpg,a man standing on a rock
Dataset/SSID_Images//161.jpg,a man standing in front of a tent
Dataset/SSID_Images//162.jpg,a small white toilet
Dataset/SSID_Images//163.jpg,a large tree with lots of leaves on it
Dataset/SSID_Images//164.jpg,palm trees in the shade
Dataset/SSID_Images//165.jpg,a man sitting on the ground
Dataset/SSID_Images//166.jpg,a man in a hat is cutting a plant
Dataset/SSID_Images//167.jpg,a man is standing in the jungle
Dataset/SSID_Images//168.jpg,a man kneeling down in the woods
Dataset/SSID_Images//169.jpg,a forest with lots of trees and plants
Dataset/SSID_Images//170.jpg,a monkey is standing in the middle of a forest
Dataset/SSID_Images//171.jpg,a man is putting a tent on the back of a truck
Dataset/SSID_Images//172.jpg,a man is standing next to a truck
Dataset/SSID_Images//173.jpg,a man is putting a tent on the back of a blue truck
Dataset/SSID_Images//174.jpg,a camper with a table and chairs inside
Dataset/SSID_Images//175.jpg,a man is sitting in a camper with a laptop
Dataset/SSID_Images//176.jpg,a lake surrounded by trees and a forest
Dataset/SSID_Images//177.jpg,a lake with trees and water in the fore
Dataset/SSID_Images//178.jpg,a man pointing at the water in a lake
Dataset/SSID_Images//179.jpg,a person pointing at the water with their finger
Dataset/SSID_Images//180.jpg,a man in sunglasses is standing near a lake
Dataset/SSID_Images//181.jpg,a man standing in the water
Dataset/SSID_Images//182.jpg,a person is standing near a lake
Dataset/SSID_Images//183.jpg,a lake with a fishing rod
Dataset/SSID_Images//184.jpg,a man holding a white bowl with a fish in it
Dataset/SSID_Images//185.jpg,a person is putting herbs into a blender
Dataset/SSID_Images//186.jpg,a man is fishing on the water with a rod
Dataset/SSID_Images//187.jpg,a man fishing on a river with a rod
Dataset/SSID_Images//188.jpg,a person holding a fish in the water
Dataset/SSID_Images//189.jpg,a man holding a fish in his hand
Dataset/SSID_Images//190.jpg,a man is fishing on the water with a rod
Dataset/SSID_Images//191.jpg,a camper is parked in the woods by the water
Dataset/SSID_Images//192.jpg,a man and woman walking along a river
Dataset/SSID_Images//193.jpg,a man standing next to a lake
Dataset/SSID_Images//194.jpg,a man in a black shirt
Dataset/SSID_Images//195.jpg,a man wearing sunglasses
Dataset/SSID_Images//196.jpg,a man standing next to a boat with a beer
Dataset/SSID_Images//197.jpg,a person is cooking food on a stove
Dataset/SSID_Images//198.jpg,a person pouring liquid into a pot
Dataset/SSID_Images//199.jpg,a person is putting food in a container
Dataset/SSID_Images//200.jpg,a person is cooking food in a pot
Dataset/SSID_Images//201.jpg,a person is cooking food on a stove
Dataset/SSID_Images//202.jpg,a table with food and drinks on it
Dataset/SSID_Images//203.jpg,a person is pouring sauce on a chicken
Dataset/SSID_Images//204.jpg,a man sitting at a picnic table with a plate of food
Dataset/SSID_Images//205.jpg,a man sitting at a picnic table eating food
Dataset/SSID_Images//206.jpg,a small boat is sitting on the bank of a river
Dataset/SSID_Images//207.jpg,a man is holding a kay with a paddle
Dataset/SSID_Images//208.jpg,a person in a kayak pad pad pad pad pad pad pad pad pad pad pad pad pad
Dataset/SSID_Images//209.jpg,a person in a kayak pad pada
Dataset/SSID_Images//210.jpg,a kayak is in the water near a forest
Dataset/SSID_Images//211.jpg,a man in a kayak holding a fish
Dataset/SSID_Images//212.jpg,a man in a kayak is fishing on the water
Dataset/SSID_Images//213.jpg,a man in a kay fishing on a lake
Dataset/SSID_Images//214.jpg,a man in a kay with a fish
Dataset/SSID_Images//215.jpg,a man holding a fish in his hand
Dataset/SSID_Images//216.jpg,a man is moving a suitcase in a room
Dataset/SSID_Images//217.jpg,a woman standing next to a car with the door open
Dataset/SSID_Images//218.jpg,a man loading luggage into a car
Dataset/SSID_Images//219.jpg,a man loading luggage into the trunk of a car
Dataset/SSID_Images//220.jpg,a car with a bunch of seats in it
Dataset/SSID_Images//221.jpg,a view of a highway with cars driving down it
Dataset/SSID_Images//222.jpg,a train on the tracks
Dataset/SSID_Images//223.jpg,a man loading luggage onto a car
Dataset/SSID_Images//224.jpg,a man is getting his luggage out of the car
Dataset/SSID_Images//225.jpg,a woman is standing in the middle of a busy street
Dataset/SSID_Images//226.jpg,a woman is standing in the middle of a parking lot
Dataset/SSID_Images//227.jpg,a woman is pulling her luggage in a parking
Dataset/SSID_Images//228.jpg,a man is standing in a parking lot
Dataset/SSID_Images//229.jpg,a woman and two children walking down the street
Dataset/SSID_Images//230.jpg,a woman and two young girls sitting on a train
Dataset/SSID_Images//231.jpg,a group of people walking through an airport
Dataset/SSID_Images//232.jpg,a person holding a passport in their hand
Dataset/SSID_Images//233.jpg,a group of people standing around an escalate
Dataset/SSID_Images//234.jpg,a group of people standing in a room
Dataset/SSID_Images//235.jpg,a group of people standing around a table
Dataset/SSID_Images//236.jpg,a plane on the tar
Dataset/SSID_Images//237.jpg,a woman sitting at a table with a child
Dataset/SSID_Images//238.jpg,a man is standing in front of a blue sign
Dataset/SSID_Images//239.jpg,a man and woman are posing for a photo
Dataset/SSID_Images//240.jpg,a little girl sitting on the floor
Dataset/SSID_Images//241.jpg,a woman is walking down a long hallway
Dataset/SSID_Images//242.jpg,a woman is sitting in an airplane with her legs crossed
Dataset/SSID_Images//243.jpg,a woman sitting in an airplane with a laptop
Dataset/SSID_Images//244.jpg,a man and a woman sitting in an airplane
Dataset/SSID_Images//245.jpg,a little girl is sitting on a plane
Dataset/SSID_Images//246.jpg,a woman sitting in an airplane reading a book
Dataset/SSID_Images//247.jpg,a view of the wing of an airplane
Dataset/SSID_Images//248.jpg,a person holding a tablet with a video screen
Dataset/SSID_Images//249.jpg,a woman sitting in an airplane with a cell
Dataset/SSID_Images//250.jpg,a group of people sitting in an airplane
Dataset/SSID_Images//251.jpg,a little girl drawing a picture of a girl
Dataset/SSID_Images//252.jpg,a woman wearing headphones
Dataset/SSID_Images//253.jpg,a plane flying over the ocean at sunset
Dataset/SSID_Images//254.jpg,a group of people sitting in an airplane
Dataset/SSID_Images//255.jpg,a man in a black shirt
Dataset/SSID_Images//256.jpg,a view of an airport with planes parked on the tar
Dataset/SSID_Images//257.jpg,a group of people standing around a counter
Dataset/SSID_Images//258.jpg,two women in white shirts and black backpacks
Dataset/SSID_Images//259.jpg,a group of people walking down a long hallway
Dataset/SSID_Images//260.jpg,a group of people sitting in an airplane
Dataset/SSID_Images//261.jpg,people are waiting in the airport
Dataset/SSID_Images//262.jpg,a man is getting his van to be loaded
Dataset/SSID_Images//263.jpg,a group of people standing around with luggage
Dataset/SSID_Images//264.jpg,a group of people walking through an airport
Dataset/SSID_Images//265.jpg,a man and woman playing a video game
Dataset/SSID_Images//266.jpg,a large building with a flag on top
Dataset/SSID_Images//267.jpg,people are walking down an escalator in a subway station
Dataset/SSID_Images//268.jpg,a large cruise ship docked in the water
Dataset/SSID_Images//269.jpg,a group of people walking down a long hallway
Dataset/SSID_Images//270.jpg,a woman wearing a white shirt
Dataset/SSID_Images//271.jpg,a man and woman posing for a picture
Dataset/SSID_Images//272.jpg,a large building with a lot of people inside
Dataset/SSID_Images//273.jpg,a man is pointing at a bed in a room
Dataset/SSID_Images//274.jpg,a woman and two children playing a video game
Dataset/SSID_Images//275.jpg,a woman in a white tank top
Dataset/SSID_Images//276.jpg,a man in a black shirt
Dataset/SSID_Images//277.jpg,a woman holding a remote control
Dataset/SSID_Images//278.jpg,a man in a black shirt
Dataset/SSID_Images//279.jpg,a woman in a white shirt
Dataset/SSID_Images//280.jpg,a man and woman talking in a room
Dataset/SSID_Images//281.jpg,a woman in a pink shirt
Dataset/SSID_Images//282.jpg,a group of people standing around a table
Dataset/SSID_Images//283.jpg,a chef preparing food in a restaurant
Dataset/SSID_Images//284.jpg,a counter with bowls of food on it
Dataset/SSID_Images//285.jpg,a man is eating a sandwich at a restaurant
Dataset/SSID_Images//286.jpg,a man and woman eating food at a restaurant
Dataset/SSID_Images//287.jpg,a couple of people sitting at a table
Dataset/SSID_Images//288.jpg,a group of people sitting at a table eating food
Dataset/SSID_Images//289.jpg,a large cruise ship
Dataset/SSID_Images//290.jpg,a woman walking down a walkway next to a building
Dataset/SSID_Images//291.jpg,a man and a girl on a tennis court
Dataset/SSID_Images//292.jpg,a woman and two boys on a cruise
Dataset/SSID_Images//293.jpg,people on a boat looking at the water
Dataset/SSID_Images//294.jpg,a large boat with people on it
Dataset/SSID_Images//295.jpg,a cruise ship with a view of the ocean
Dataset/SSID_Images//296.jpg,a cruise ship with a view of the ocean
Dataset/SSID_Images//297.jpg,a woman in a pink shirt
Dataset/SSID_Images//298.jpg,two women are sitting in a van and one is holding a cell
Dataset/SSID_Images//299.jpg,a boy sitting in a chair in a room
Dataset/SSID_Images//300.jpg,a woman and a boy playing a video game
Dataset/SSID_Images//301.jpg,a woman in a pink shirt
Dataset/SSID_Images//302.jpg,a group of people standing in a room
Dataset/SSID_Images//303.jpg,a woman in a pink shirt
Dataset/SSID_Images//304.jpg,the atrium on the disney cruise
Dataset/SSID_Images//305.jpg,people walking through a mall
Dataset/SSID_Images//306.jpg,people walking through a mall
Dataset/SSID_Images//307.jpg,a man and woman are standing in a mall
Dataset/SSID_Images//308.jpg,a man and woman are smiling in a mall
Dataset/SSID_Images//309.jpg,a man and woman are talking in a mall
Dataset/SSID_Images//310.jpg,people walking through a glass elevator
Dataset/SSID_Images//311.jpg,a group of people sitting at a table
Dataset/SSID_Images//312.jpg,a man in a restaurant with a large chandel
Dataset/SSID_Images//313.jpg,a group of people sitting at a table eating food
Dataset/SSID_Images//314.jpg,a woman and a child sitting at a table
Dataset/SSID_Images//315.jpg,a woman and two children sitting at a table
Dataset/SSID_Images//316.jpg,a group of people walking down a shopping mall
Dataset/SSID_Images//317.jpg,a group of people dancing in a dance hall
Dataset/SSID_Images//318.jpg,a man in a black shirt
Dataset/SSID_Images//319.jpg,a man and woman are standing in a restaurant
Dataset/SSID_Images//320.jpg,a man and a boy are in a kitchen
Dataset/SSID_Images//321.jpg,a woman is standing in a room with a cell
Dataset/SSID_Images//322.jpg,a woman in a dress
Dataset/SSID_Images//323.jpg,a boy holding a glass
Dataset/SSID_Images//324.jpg,a woman eating a piece of pizza in a restaurant
Dataset/SSID_Images//325.jpg,a woman dancing on a tiled floor
Dataset/SSID_Images//326.jpg,a large building with a neon sign on it
Dataset/SSID_Images//327.jpg,a group of people standing around a counter
Dataset/SSID_Images//328.jpg,a boy eating a sandwich
Dataset/SSID_Images//329.jpg,a little girl standing in a doorway looking out
Dataset/SSID_Images//330.jpg,a man and woman are standing in a hotel room
Dataset/SSID_Images//331.jpg,a woman is standing in a room with a large pot
Dataset/SSID_Images//332.jpg,a man and woman are standing in a room
Dataset/SSID_Images//333.jpg,a man and woman are standing in a hotel room
Dataset/SSID_Images//334.jpg,a woman in a black dress
Dataset/SSID_Images//335.jpg,a woman standing on a boat looking out at the ocean
Dataset/SSID_Images//336.jpg,a woman standing on a boat with her arms out
Dataset/SSID_Images//337.jpg,a woman and a child are eating food on a table
Dataset/SSID_Images//338.jpg,a woman in a bikini is getting her pussy fucked
Dataset/SSID_Images//339.jpg,a woman sitting on a chair
Dataset/SSID_Images//340.jpg,a woman in a pink dress sitting on a chair
Dataset/SSID_Images//341.jpg,a boy looking out at the ocean from a cruise ship
Dataset/SSID_Images//342.jpg,a woman and a boy in a hotel room
Dataset/SSID_Images//343.jpg,a woman in a black dress
Dataset/SSID_Images//344.jpg,a man in a green tank top
Dataset/SSID_Images//345.jpg,a couple of people sitting at a table
Dataset/SSID_Images//346.jpg,a woman kissing a little girl
Dataset/SSID_Images//347.jpg,a woman holding a little girl in her arms
Dataset/SSID_Images//348.jpg,a couple of people sitting at a table
Dataset/SSID_Images//349.jpg,a group of people on a boat looking at the ocean
Dataset/SSID_Images//350.jpg,a man and a boy on a cruise ship
Dataset/SSID_Images//351.jpg,a man and woman posing for a picture on a boat
Dataset/SSID_Images//352.jpg,a man in a swimsuit on a cruise ship
Dataset/SSID_Images//353.jpg,people are on the deck of a cruise ship
Dataset/SSID_Images//354.jpg,a person taking a picture of a cruise ship
Dataset/SSID_Images//355.jpg,a man in a hat is on a boat
Dataset/SSID_Images//356.jpg,a woman in a floral dress
Dataset/SSID_Images//357.jpg,a woman is smiling while on a boat
Dataset/SSID_Images//358.jpg,the pool on the carnival of the seas
Dataset/SSID_Images//359.jpg,a large cruise ship
Dataset/SSID_Images//360.jpg,a man and woman sitting on a deck of a cruise ship
Dataset/SSID_Images//361.jpg,a large cruise ship
Dataset/SSID_Images//362.jpg,a large boat with people on it
Dataset/SSID_Images//363.jpg,a group of people playing in a pool
Dataset/SSID_Images//364.jpg,a group of people playing in a pool
Dataset/SSID_Images//365.jpg,a little girl in a pool
Dataset/SSID_Images//366.jpg,a woman in a pool with a camera
Dataset/SSID_Images//367.jpg,people are playing in the water at a pool
Dataset/SSID_Images//368.jpg,a group of people playing in a pool
Dataset/SSID_Images//369.jpg,a man is standing in a pool with a ball
Dataset/SSID_Images//370.jpg,a man and woman standing in front of a pool
Dataset/SSID_Images//371.jpg,a large pool with a water slide
Dataset/SSID_Images//372.jpg,a man is taking a picture of a colorful playground
Dataset/SSID_Images//373.jpg,a group of people playing in a pool
Dataset/SSID_Images//374.jpg,a man is standing in a pool with a ball
Dataset/SSID_Images//375.jpg,a group of people are in a pool
Dataset/SSID_Images//376.jpg,people are sitting on the deck of a cruise ship
Dataset/SSID_Images//377.jpg,a man and woman are standing on a boat
Dataset/SSID_Images//378.jpg,a woman and a child in a pool
Dataset/SSID_Images//379.jpg,a large pool on a cruise
Dataset/SSID_Images//380.jpg,a boy is playing in a pool on a cruise ship
Dataset/SSID_Images//381.jpg,a man in a blue shirt is riding a wave
Dataset/SSID_Images//382.jpg,a man riding a wave on top of a water slide
Dataset/SSID_Images//383.jpg,a man riding a wave on a water slide
Dataset/SSID_Images//384.jpg,a group of people on a boat with a surfboard
Dataset/SSID_Images//385.jpg,a man riding a wave on top of a boat
Dataset/SSID_Images//386.jpg,a man riding a wave on a water slide
Dataset/SSID_Images//387.jpg,a man is riding a water slide in a pool
Dataset/SSID_Images//388.jpg,a man riding a water slide on top of a wave
Dataset/SSID_Images//389.jpg,two women in swimsuits sitting on a boat
Dataset/SSID_Images//390.jpg,a woman and a child sitting on a beach
Dataset/SSID_Images//391.jpg,a man and woman walking down a staircase
Dataset/SSID_Images//392.jpg,a man and woman standing next to each other people
Dataset/SSID_Images//393.jpg,a little girl in a dress is standing on a railing
Dataset/SSID_Images//394.jpg,a man and woman are standing in a room
Dataset/SSID_Images//395.jpg,a group of people standing on a balcony
Dataset/SSID_Images//396.jpg,a sunset over the ocean with clouds and water
Dataset/SSID_Images//397.jpg,a woman taking a photo of the ocean
Dataset/SSID_Images//398.jpg,two women sitting at a table eating food
Dataset/SSID_Images//399.jpg,a white plate with food on it
Dataset/SSID_Images//400.jpg,a group of people sitting at a table in a restaurant
Dataset/SSID_Images//401.jpg,a man in a white shirt and sunglasses on a beach
Dataset/SSID_Images//402.jpg,a woman in a gray shirt
Dataset/SSID_Images//403.jpg,a group of people standing on a beach
Dataset/SSID_Images//404.jpg,a group of people on a beach with umbrellas
Dataset/SSID_Images//405.jpg,a beach with white umbrellas and people on the sand
Dataset/SSID_Images//406.jpg,a group of people on a beach with umbrellas
Dataset/SSID_Images//407.jpg,a beach with umbrellas and chairs on it
Dataset/SSID_Images//408.jpg,a group of people sitting on a beach under an umbrella
Dataset/SSID_Images//409.jpg,a man and a boy on a beach
Dataset/SSID_Images//410.jpg,a person is taking a photo of a beach
Dataset/SSID_Images//411.jpg,a sandy beach
Dataset/SSID_Images//412.jpg,a man is swimming in the ocean with a dog
Dataset/SSID_Images//413.jpg,two children playing on the beach
Dataset/SSID_Images//414.jpg,a man in a bikini
Dataset/SSID_Images//415.jpg,a person holding a cell phone in the water
Dataset/SSID_Images//416.jpg,a man on the beach
Dataset/SSID_Images//417.jpg,a person in the water with a camera
Dataset/SSID_Images//418.jpg,a man in the water with a surfboard
Dataset/SSID_Images//419.jpg,a man and woman in the water
Dataset/SSID_Images//420.jpg,a woman in a bikini is in the water
Dataset/SSID_Images//421.jpg,a man in the water
Dataset/SSID_Images//422.jpg,a woman in the water
Dataset/SSID_Images//423.jpg,two women in the ocean playing with each other women
Dataset/SSID_Images//424.jpg,a woman taking a photo of a beach
Dataset/SSID_Images//425.jpg,a man holding a child in the ocean
Dataset/SSID_Images//426.jpg,a large screen tv
Dataset/SSID_Images//427.jpg,a woman in a bikini is standing in the water
Dataset/SSID_Images//428.jpg,two boys playing in the sand on a beach
Dataset/SSID_Images//429.jpg,a little girl building a sandcastle on the beach
Dataset/SSID_Images//430.jpg,a man and woman on the beach
Dataset/SSID_Images//431.jpg,a man and woman on a boat in the ocean
Dataset/SSID_Images//432.jpg,a woman in a bikini on a boat
Dataset/SSID_Images//433.jpg,a woman in a bikini on a boat
Dataset/SSID_Images//434.jpg,a man and woman riding a boat on the ocean
Dataset/SSID_Images//435.jpg,a person on a jet skis through the water
Dataset/SSID_Images//436.jpg,a man riding a jet ski in the ocean
Dataset/SSID_Images//437.jpg,a man in a kayak riding a jet ski
Dataset/SSID_Images//438.jpg,a man in a life jacket is being pulled by a boat
Dataset/SSID_Images//439.jpg,a man in a life jacket is being pulled by a man in a life vest
Dataset/SSID_Images//440.jpg,two people on a boat in the ocean
Dataset/SSID_Images//441.jpg,a beach with people on it
Dataset/SSID_Images//442.jpg,a group of people standing around a bar
Dataset/SSID_Images//443.jpg,three girls in bathing suits are standing on the sidewalk
Dataset/SSID_Images//444.jpg,a young boy sitting at a table with a plate of food
Dataset/SSID_Images//445.jpg,a man in a white shirt and a hat
Dataset/SSID_Images//446.jpg,a man eating food
Dataset/SSID_Images//447.jpg,a group of people sitting at a table
Dataset/SSID_Images//448.jpg,a group of people standing on top of a truck
Dataset/SSID_Images//449.jpg,a pink building with a balcony and bal bal bal bal bal bal bal bal bal bal bal bal
Dataset/SSID_Images//450.jpg,a building with a balcony and stairs
Dataset/SSID_Images//451.jpg,a cruise ship is sailing in the ocean
Dataset/SSID_Images//452.jpg,a group of people sitting on a balcony overlooking the ocean
Dataset/SSID_Images//453.jpg,a couple of people sitting on a boat
Dataset/SSID_Images//454.jpg,a woman taking a picture of the sunset
Dataset/SSID_Images//455.jpg,a cruise ship sailing in the ocean at sunset
Dataset/SSID_Images//456.jpg,a large cruise ship in the ocean
Dataset/SSID_Images//457.jpg,a group of people on a cruise
Dataset/SSID_Images//458.jpg,a girl in a colorful dress on a cruise ship
Dataset/SSID_Images//459.jpg,a cruise ship with a large cruise ship in the background
Dataset/SSID_Images//460.jpg,a woman kissing a man on a cruise
Dataset/SSID_Images//461.jpg,a cruise ship docked in the water
Dataset/SSID_Images//462.jpg,a woman taking a picture of a cruise ship
Dataset/SSID_Images//463.jpg,a view of the water and buildings from a boat
Dataset/SSID_Images//464.jpg,a man and two girls on a boat
Dataset/SSID_Images//465.jpg,a group of people standing on a boat
Dataset/SSID_Images//466.jpg,a group of people sitting on a boat
Dataset/SSID_Images//467.jpg,a man in a cart
Dataset/SSID_Images//468.jpg,a woman holding a plate of food in a kitchen
Dataset/SSID_Images//469.jpg,a woman holding a cell phone
Dataset/SSID_Images//470.jpg,a man and woman are standing in a store
Dataset/SSID_Images//471.jpg,a little girl is standing on a brick walkway
Dataset/SSID_Images//472.jpg,a little girl in a pink dress
Dataset/SSID_Images//473.jpg,a group of people standing around a giant sign
Dataset/SSID_Images//474.jpg,a woman wearing sunglasses and a black shirt
Dataset/SSID_Images//475.jpg,a woman and two children in a kitchen
Dataset/SSID_Images//476.jpg,a little girl eating an ice cream cone
Dataset/SSID_Images//477.jpg,a man and a little girl are on a bike
Dataset/SSID_Images//478.jpg,a view of the ocean from a window
Dataset/SSID_Images//479.jpg,a view of the ocean from a restaurant
Dataset/SSID_Images//480.jpg,a woman eating a salad
Dataset/SSID_Images//481.jpg,a group of people are playing in the water
Dataset/SSID_Images//482.jpg,a boat is in the water near a dock
Dataset/SSID_Images//483.jpg,people are swimming in the ocean near a rocky beach
Dataset/SSID_Images//484.jpg,a man and a woman are walking on the beach
Dataset/SSID_Images//485.jpg,a man and woman on a beach
Dataset/SSID_Images//486.jpg,a man sitting on a dock with a camera
Dataset/SSID_Images//487.jpg,a boat is in the water
Dataset/SSID_Images//488.jpg,a man is walking into the water with a surfboard
Dataset/SSID_Images//489.jpg,a man and a little girl in the water
Dataset/SSID_Images//490.jpg,a woman snoring in the ocean
Dataset/SSID_Images//491.jpg,a group of people are in the water
Dataset/SSID_Images//492.jpg,a group of people are swimming in the ocean
Dataset/SSID_Images//493.jpg,two people are jumping in the water
Dataset/SSID_Images//494.jpg,a group of people swimming in the ocean
Dataset/SSID_Images//495.jpg,a group of people in the water
Dataset/SSID_Images//496.jpg,a man jumping into the ocean from a cliff
Dataset/SSID_Images//497.jpg,a group of people are in the water
Dataset/SSID_Images//498.jpg,a group of people are sitting on the grass near the water
Dataset/SSID_Images//499.jpg,a man swimming in the ocean with a camera
Dataset/SSID_Images//500.jpg,a little boy wearing a life jacket and snoring mask
Dataset/SSID_Images//501.jpg,a woman in a bikini is walking on the beach
Dataset/SSID_Images//502.jpg,a person in a life jacket is walking on the beach
Dataset/SSID_Images//503.jpg,a large amount of rocks and rocks in the ocean
Dataset/SSID_Images//504.jpg,a woman in a bikini and sunglasses on the beach
Dataset/SSID_Images//505.jpg,a woman in a red dress
Dataset/SSID_Images//506.jpg,a man and woman walking through a terminal
Dataset/SSID_Images//507.jpg,a group of people wearing masks on an airplane
Dataset/SSID_Images//508.jpg,people are waiting for their flight
Dataset/SSID_Images//509.jpg,a long hallway
Dataset/SSID_Images//510.jpg,a man in a mask sitting in an airplane
Dataset/SSID_Images//511.jpg,a group of people sitting in an airplane
Dataset/SSID_Images//512.jpg,a person taking a picture of a plane
Dataset/SSID_Images//513.jpg,a plane flying over a desert with a mountain in the background
Dataset/SSID_Images//514.jpg,a young boy wearing a mask while sitting in an airplane
Dataset/SSID_Images//515.jpg,a view of an airplane from the window of a plane
Dataset/SSID_Images//516.jpg,a little girl sitting in the seat of an airplane
Dataset/SSID_Images//517.jpg,a person standing on top of a mountain
Dataset/SSID_Images//518.jpg,a view from the window of an airplane
Dataset/SSID_Images//519.jpg,a man wearing a mask
Dataset/SSID_Images//520.jpg,a group of people walking down a hallway
Dataset/SSID_Images//521.jpg,a man with a suitcase and a dog
Dataset/SSID_Images//522.jpg,a group of people wearing masks in an elevator
Dataset/SSID_Images//523.jpg,a person is walking through an airport
Dataset/SSID_Images//524.jpg,a man wearing a mask
Dataset/SSID_Images//525.jpg,a group of people standing in a parking
Dataset/SSID_Images//526.jpg,a man in a white shirt
Dataset/SSID_Images//527.jpg,a man in a mask is riding on a bus
Dataset/SSID_Images//528.jpg,a bus with people inside
Dataset/SSID_Images//529.jpg,a man in a suit is sitting on a chair
Dataset/SSID_Images//530.jpg,a bus with people sitting in it
Dataset/SSID_Images//531.jpg,a blue and white bus
Dataset/SSID_Images//532.jpg,a woman with a pink backpack
Dataset/SSID_Images//533.jpg,a man wearing a mask and a backpack
Dataset/SSID_Images//534.jpg,a group of people walking through a lobby
Dataset/SSID_Images//535.jpg,a group of people are walking through a room
Dataset/SSID_Images//536.jpg,a room with two beds and a television
Dataset/SSID_Images//537.jpg,a group of people standing in a hallway
Dataset/SSID_Images//538.jpg,a man in a black hoodie is eating a sandwich
Dataset/SSID_Images//539.jpg,a man in a black jacket
Dataset/SSID_Images//540.jpg,a man wearing a black shirt
Dataset/SSID_Images//541.jpg,a woman is standing in a closet with a laptop
Dataset/SSID_Images//542.jpg,a man in a black shirt
Dataset/SSID_Images//543.jpg,a young girl sitting on a bed
Dataset/SSID_Images//544.jpg,a woman is taking a picture of a man in a hotel room
Dataset/SSID_Images//545.jpg,a young boy sitting on a bed
Dataset/SSID_Images//546.jpg,two girls sitting on a bed
Dataset/SSID_Images//547.jpg,a little girl is holding a watch
Dataset/SSID_Images//548.jpg,a woman and a boy are sitting at a table
Dataset/SSID_Images//549.jpg,a man and a child wearing masks on a boardwalk
Dataset/SSID_Images//550.jpg,a man in a gray jacket is standing on a wooden deck
Dataset/SSID_Images//551.jpg,a group of people walking down a street
Dataset/SSID_Images//552.jpg,a white bench
Dataset/SSID_Images//553.jpg,a river with boats and people walking on it
Dataset/SSID_Images//554.jpg,a man wearing a mask
Dataset/SSID_Images//555.jpg,a man and woman wearing masks walk down a street
Dataset/SSID_Images//556.jpg,people walking along a river
Dataset/SSID_Images//557.jpg,a woman carrying a child on her back
Dataset/SSID_Images//558.jpg,people walking down the boardwalk at boardwalk park
Dataset/SSID_Images//559.jpg,a view of a river and a bridge
Dataset/SSID_Images//560.jpg,a person riding a bike on a bridge
Dataset/SSID_Images//561.jpg,a group of people sitting on a bench next to a river
Dataset/SSID_Images//562.jpg,a bridge over a body of water with a boat in the background
Dataset/SSID_Images//563.jpg,people walking on boardwalk
Dataset/SSID_Images//564.jpg,a man and a woman eating pizza on a balcony
Dataset/SSID_Images//565.jpg,a man sitting at a table eating food
Dataset/SSID_Images//566.jpg,a woman and a child walking down a street
Dataset/SSID_Images//567.jpg,a man wearing a mask
Dataset/SSID_Images//568.jpg,a group of people walking down a sidewalk
Dataset/SSID_Images//569.jpg,a man in camouflage walking on a sidewalk
Dataset/SSID_Images//570.jpg,a group of people walking down a wooden walkway
Dataset/SSID_Images//571.jpg,a woman in a stroller with a child in her stroll
Dataset/SSID_Images//572.jpg,a woman in a wheelchair being pushed by a man
Dataset/SSID_Images//573.jpg,a group of people standing around a statue
Dataset/SSID_Images//574.jpg,a crowd of people walking through a park
Dataset/SSID_Images//575.jpg,a group of people walking around a park
Dataset/SSID_Images//576.jpg,a group of people walking down a street
Dataset/SSID_Images//577.jpg,a man wearing a mask and holding a cell
Dataset/SSID_Images//578.jpg,a man wearing a face mask and a woman wearing a mask
Dataset/SSID_Images//579.jpg,a group of flamings
Dataset/SSID_Images//580.jpg,a gate with a sign that says the entrance to the park
Dataset/SSID_Images//581.jpg,a man wearing a mask
Dataset/SSID_Images//582.jpg,a man wearing a mask
Dataset/SSID_Images//583.jpg,a man and a child wearing masks
Dataset/SSID_Images//584.jpg,a man and two children in a truck
Dataset/SSID_Images//585.jpg,a man and a woman sitting on a chair
Dataset/SSID_Images//586.jpg,a large rock formation
Dataset/SSID_Images//587.jpg,a man and a child are riding a roller coaster
Dataset/SSID_Images//588.jpg,a man riding a bike down a hill
Dataset/SSID_Images//589.jpg,a woman and child sitting on a bench
Dataset/SSID_Images//590.jpg,a man and woman riding on a roller coaster
Dataset/SSID_Images//591.jpg,a view of a train going down a hill
Dataset/SSID_Images//592.jpg,a group of people riding a roller coaster
Dataset/SSID_Images//593.jpg,a man and a little girl wearing masks
Dataset/SSID_Images//594.jpg,two people sitting on a bench
Dataset/SSID_Images//595.jpg,a man and woman wearing masks in front of a building
Dataset/SSID_Images//596.jpg,a boat is traveling down the river
Dataset/SSID_Images//597.jpg,a woman wearing a red scarf
Dataset/SSID_Images//598.jpg,a woman is walking down a walkway in a jungle
Dataset/SSID_Images//599.jpg,a group of people walking down a path
Dataset/SSID_Images//600.jpg,a camera is on the ground
Dataset/SSID_Images//601.jpg,a cow standing in the shade of a tree
Dataset/SSID_Images//602.jpg,a group of animals are grazing in a field
Dataset/SSID_Images//603.jpg,a group of animals
Dataset/SSID_Images//604.jpg,a man taking a picture of a gi
Dataset/SSID_Images//605.jpg,a group of elephants are standing in the dirt
Dataset/SSID_Images//606.jpg,a woman riding on a boat with a dog
Dataset/SSID_Images//607.jpg,a lion and a lion cub are seen in this und - news image
Dataset/SSID_Images//608.jpg,two people standing on a bridge looking at the water
Dataset/SSID_Images//609.jpg,a man wearing a face mask in a park
Dataset/SSID_Images//610.jpg,people walking through a garden with plants and trees
Dataset/SSID_Images//611.jpg,a group of people walking under a sign
Dataset/SSID_Images//612.jpg,a person holding an ice cream cone in their hand
Dataset/SSID_Images//613.jpg,a woman in a mask eating a piece of ice
Dataset/SSID_Images//614.jpg,a group of people sitting at a picnic table
Dataset/SSID_Images//615.jpg,a little boy eating a sandwich
Dataset/SSID_Images//616.jpg,a person is walking down the street in front of a carnival
Dataset/SSID_Images//617.jpg,a man and woman wearing masks in a park
Dataset/SSID_Images//618.jpg,a woman and a child wearing masks
Dataset/SSID_Images//619.jpg,a little girl eating an ice cream cone
Dataset/SSID_Images//620.jpg,a man in a black jacket
Dataset/SSID_Images//621.jpg,a man wearing a mask
Dataset/SSID_Images//622.jpg,a man riding a bike down a hill
Dataset/SSID_Images//623.jpg,a woman and a man are walking down a path
Dataset/SSID_Images//624.jpg,a group of people sitting around a table
Dataset/SSID_Images//625.jpg,people wearing masks walk through the park
Dataset/SSID_Images//626.jpg,a man and woman wearing masks walk through a jungle
Dataset/SSID_Images//627.jpg,a large tree with many leaves growing on it
Dataset/SSID_Images//628.jpg,a little girl wearing a red banda
Dataset/SSID_Images//629.jpg,a tree with a lot of branches
Dataset/SSID_Images//630.jpg,a woman standing on a rock in the water
Dataset/SSID_Images//631.jpg,a group of people walking down a street
Dataset/SSID_Images//632.jpg,a group of people standing around a woman with a mask
Dataset/SSID_Images//633.jpg,a group of people walking down a path
Dataset/SSID_Images//634.jpg,a man is standing in the middle of a garden
Dataset/SSID_Images//635.jpg,a large metal sculpture
Dataset/SSID_Images//636.jpg,a man standing in front of a motor home
Dataset/SSID_Images//637.jpg,a man and woman standing in front of a rv
Dataset/SSID_Images//638.jpg,a bus driving down a road at sunset
Dataset/SSID_Images//639.jpg,a view of a lake with boats and trees
Dataset/SSID_Images//640.jpg,a couple standing next to a camper van
Dataset/SSID_Images//641.jpg,a truck is parked on the side of the road
Dataset/SSID_Images//642.jpg,a man standing in front of a camper
Dataset/SSID_Images//643.jpg,a couple sitting on the back of a truck
Dataset/SSID_Images//644.jpg,a couple standing in front of a trailer
Dataset/SSID_Images//645.jpg,a man and woman standing next to a motor
Dataset/SSID_Images//646.jpg,a man driving a car with the sun shining through the windshield
Dataset/SSID_Images//647.jpg,a woman driving a car with the sun shining through the windshield
Dataset/SSID_Images//648.jpg,a view of a golf course at sunset
Dataset/SSID_Images//649.jpg,a man in a room with a tv
Dataset/SSID_Images//650.jpg,a man standing in front of a white truck
Dataset/SSID_Images//651.jpg,a woman in a kitchen preparing food
Dataset/SSID_Images//652.jpg,a woman is preparing food in the kitchen
Dataset/SSID_Images//653.jpg,a woman in a kitchen preparing food
Dataset/SSID_Images//654.jpg,a couple eating food in a rv
Dataset/SSID_Images//655.jpg,a man and woman eating food in a kitchen
Dataset/SSID_Images//656.jpg,a white rv parked on a road
Dataset/SSID_Images//657.jpg,a man and woman are walking through the woods
Dataset/SSID_Images//658.jpg,a view of a road from inside a car
Dataset/SSID_Images//659.jpg,a woman is sitting in the back of a bus
Dataset/SSID_Images//660.jpg,a man and woman riding a bike through a forest
Dataset/SSID_Images//661.jpg,a person walking down a wooden bridge in the woods
Dataset/SSID_Images//662.jpg,a stream in the woods with trees and water
Dataset/SSID_Images//663.jpg,a view of a mountain with trees and rocks
Dataset/SSID_Images//664.jpg,a waterfall in the middle of a forest
Dataset/SSID_Images//665.jpg,a waterfall in the middle of a forest
Dataset/SSID_Images//666.jpg,a waterfall in the middle of a forest
Dataset/SSID_Images//667.jpg,a man in a hat is riding a bike
Dataset/SSID_Images//668.jpg,a view of a cliff in the woods
Dataset/SSID_Images//669.jpg,a small stream in the woods
Dataset/SSID_Images//670.jpg,a large statue is in the water near a house
Dataset/SSID_Images//671.jpg,a man and woman walking through a forest
Dataset/SSID_Images//672.jpg,a view of the mountains and trees from a high viewpoint
Dataset/SSID_Images//673.jpg,a waterfall in the jungle
Dataset/SSID_Images//674.jpg,a couple sitting on a rock in the woods
Dataset/SSID_Images//675.jpg,a woman is sitting on a rock in the woods
Dataset/SSID_Images//676.jpg,a man in a forest with a camera
Dataset/SSID_Images//677.jpg,a woman standing in front of a waterfall
Dataset/SSID_Images//678.jpg,a waterfall in the jungle
Dataset/SSID_Images//679.jpg,a man standing in front of a waterfall
Dataset/SSID_Images//680.jpg,a man taking a picture of a waterfall
Dataset/SSID_Images//681.jpg,a man and woman in a forest
Dataset/SSID_Images//682.jpg,a man in a red shorts is walking across a stream
Dataset/SSID_Images//683.jpg,a man wearing a hat
Dataset/SSID_Images//684.jpg,a man hiking up a rocky trail
Dataset/SSID_Images//685.jpg,a man in a hat and a hat is walking through a muddy trail
Dataset/SSID_Images//686.jpg,a river in the mountains with trees and rocks
Dataset/SSID_Images//687.jpg,a woman walking down a trail in the woods
Dataset/SSID_Images//688.jpg,a car driving down a road with trees in the background
Dataset/SSID_Images//689.jpg,a man is standing in the middle of a street
Dataset/SSID_Images//690.jpg,a red umbrella
Dataset/SSID_Images//691.jpg,a man standing on a beach
Dataset/SSID_Images//692.jpg,a woman standing on the beach at sunset
Dataset/SSID_Images//693.jpg,a full moon over the ocean at night
Dataset/SSID_Images//694.jpg,a woman walking on the beach
Dataset/SSID_Images//695.jpg,a woman standing on a dock next to the water
Dataset/SSID_Images//696.jpg,a river with buildings and a bridge in the background
Dataset/SSID_Images//697.jpg,a man riding a skateboard down a street
Dataset/SSID_Images//698.jpg,a parking garage with cars parked in it
Dataset/SSID_Images//699.jpg,a man in a parking garage holding a cell
Dataset/SSID_Images//700.jpg,a man in a car with a camera
Dataset/SSID_Images//701.jpg,a group of people riding in a car
Dataset/SSID_Images//702.jpg,a woman sitting in a car with a cell
Dataset/SSID_Images//703.jpg,a woman driving a car
Dataset/SSID_Images//704.jpg,a man and woman in a car
Dataset/SSID_Images//705.jpg,a woman and a boy are on a bus
Dataset/SSID_Images//706.jpg,a man is sitting on a boat looking at the camera
Dataset/SSID_Images//707.jpg,a group of people sitting at a table
Dataset/SSID_Images//708.jpg,a view of the beach from a bridge
Dataset/SSID_Images//709.jpg,a man is driving a car through a neighborhood
Dataset/SSID_Images//710.jpg,a car driving down a dirt road with a sign on the windshield
Dataset/SSID_Images//711.jpg,a beach with a boat in the water
Dataset/SSID_Images//712.jpg,a woman in a pink hat and a pink hat
Dataset/SSID_Images//713.jpg,a person holding a book in their hand
Dataset/SSID_Images//714.jpg,a beach with people on it and a body of water
Dataset/SSID_Images//715.jpg,a beach with people on it and a body of water
Dataset/SSID_Images//716.jpg,a group of people on a beach with umbrellas
Dataset/SSID_Images//717.jpg,a beach with people on it and a boat in the water
Dataset/SSID_Images//718.jpg,a group of people sitting on a beach
Dataset/SSID_Images//719.jpg,a beach with people swimming in the water
Dataset/SSID_Images//720.jpg,a group of people standing on a beach
Dataset/SSID_Images//721.jpg,a restaurant with a sign that says jazz
Dataset/SSID_Images//722.jpg,a man in a yellow shirt and glasses standing next to another man
Dataset/SSID_Images//723.jpg,a woman in a white shirt
Dataset/SSID_Images//724.jpg,a cup with a lid sitting on a table
Dataset/SSID_Images//725.jpg,a man with long hair
Dataset/SSID_Images//726.jpg,a group of rv parks
Dataset/SSID_Images//727.jpg,a man walking into a building with a dog
Dataset/SSID_Images//728.jpg,a man and woman sitting at a table in a room
Dataset/SSID_Images//729.jpg,a man in a black shirt and sunglasses standing in a room
Dataset/SSID_Images//730.jpg,a man in a red shirt
Dataset/SSID_Images//731.jpg,a man in a red shirt is standing in front of a counter
Dataset/SSID_Images//732.jpg,a man with long hair and sunglasses standing in a room
Dataset/SSID_Images//733.jpg,a woman sitting at a desk with a clock in the background
Dataset/SSID_Images//734.jpg,a group of people working in a large room
Dataset/SSID_Images//735.jpg,a man in a black shirt and sunglasses standing in front of a car
Dataset/SSID_Images//736.jpg,a green truck parked in the desert
Dataset/SSID_Images//737.jpg,a group of people standing on a rocky mountain
Dataset/SSID_Images//738.jpg,a man sitting on top of a rock
Dataset/SSID_Images//739.jpg,a sunset view from the top of a mountain
Dataset/SSID_Images//740.jpg,two people climbing up a rocky mountain
Dataset/SSID_Images//741.jpg,a person sitting on top of a rock
Dataset/SSID_Images//742.jpg,two men sitting on a rock
Dataset/SSID_Images//743.jpg,a man and a woman sitting on a rock
Dataset/SSID_Images//744.jpg,two men sitting on a rock in the desert
Dataset/SSID_Images//745.jpg,a man sitting on a rock in the desert
Dataset/SSID_Images//746.jpg,a man and woman sitting at a kitchen table
Dataset/SSID_Images//747.jpg,a man in a red shirt and a hat
Dataset/SSID_Images//748.jpg,a woman sitting at a table with a cigarette in her hand
Dataset/SSID_Images//749.jpg,a man in a red shirt and a white hat
Dataset/SSID_Images//750.jpg,a woman standing at a kitchen counter with a man
Dataset/SSID_Images//751.jpg,a man and woman standing in front of a counter
Dataset/SSID_Images//752.jpg,a woman sitting at a table with a plate of food
Dataset/SSID_Images//753.jpg,a woman standing in a room with a tv
Dataset/SSID_Images//754.jpg,a man with a beard
Dataset/SSID_Images//755.jpg,a woman in a striped dress standing in a room
Dataset/SSID_Images//756.jpg,a car parked in a parking lot
Dataset/SSID_Images//757.jpg,a man in a blue shirt
Dataset/SSID_Images//758.jpg,a man walking down a long hallway in a garage
Dataset/SSID_Images//759.jpg,a man working on a car
Dataset/SSID_Images//760.jpg,a man in a blue shirt and hat is working on a car
Dataset/SSID_Images//761.jpg,a man sitting at a table in a restaurant
Dataset/SSID_Images//762.jpg,a couple sitting at a table in a restaurant
Dataset/SSID_Images//763.jpg,a group of people sitting at a table in a restaurant
Dataset/SSID_Images//764.jpg,a woman sitting at a table with a glass of wine
Dataset/SSID_Images//765.jpg,a man sitting at a table with a drink
Dataset/SSID_Images//766.jpg,a couple walking down a sidewalk at night
Dataset/SSID_Images//767.jpg,a woman standing in a room with paintings on the walls
Dataset/SSID_Images//768.jpg,a woman standing in a room
Dataset/SSID_Images//769.jpg,the walking dead season 3 episode 3
Dataset/SSID_Images//770.jpg,a man and woman standing in front of a house
Dataset/SSID_Images//771.jpg,a man in a white shirt
Dataset/SSID_Images//772.jpg,a group of people standing in a parking
Dataset/SSID_Images//773.jpg,a man and a woman standing in front of a car
Dataset/SSID_Images//774.jpg,a man in a white shirt
Dataset/SSID_Images//775.jpg,the walking dead season 3 episode 3
Dataset/SSID_Images//776.jpg,a woman standing on top of a car
Dataset/SSID_Images//777.jpg,a man and woman sitting on a car
Dataset/SSID_Images//778.jpg,"a view of the city of albuquerque, arizona"
Dataset/SSID_Images//779.jpg,a man and woman sitting on top of a car
Dataset/SSID_Images//780.jpg,a man and woman sitting on a car
Dataset/SSID_Images//781.jpg,a man is walking down the street with a backpack
Dataset/SSID_Images//782.jpg,a man and woman are playing with a pink ice cart
Dataset/SSID_Images//783.jpg,a man and a woman standing next to a cart
Dataset/SSID_Images//784.jpg,a man and woman standing next to a cart
Dataset/SSID_Images//785.jpg,a man and woman standing under an umbrella
Dataset/SSID_Images//786.jpg,a man and woman in a kitchen
Dataset/SSID_Images//787.jpg,a man and woman in a kitchen
Dataset/SSID_Images//788.jpg,a man and woman in a kitchen
Dataset/SSID_Images//789.jpg,a table with a bunch of fruit and a sign that says mom pop
Dataset/SSID_Images//790.jpg,a man and woman in aprons are preparing food
Dataset/SSID_Images//791.jpg,a man in a blue shirt
Dataset/SSID_Images//792.jpg,a man in a blue shirt
Dataset/SSID_Images//793.jpg,a man in a kitchen preparing food
Dataset/SSID_Images//794.jpg,a man in a kitchen holding a green apple
Dataset/SSID_Images//795.jpg,a man in a blue shirt and orange hat
Dataset/SSID_Images//796.jpg,a woman holding a dog in her arms
Dataset/SSID_Images//797.jpg,a woman is petting a small dog
Dataset/SSID_Images//798.jpg,a woman in a black dress and a man in blue jeans
Dataset/SSID_Images//799.jpg,a small white and brown dog
Dataset/SSID_Images//800.jpg,a man kneeling down to pet a dog
Dataset/SSID_Images//801.jpg,a woman kneeling down to pet a small dog
Dataset/SSID_Images//802.jpg,a woman laying on a chair with a dog
Dataset/SSID_Images//803.jpg,a woman holding a small kitten in her lap
Dataset/SSID_Images//804.jpg,a woman sitting in the back seat of a car
Dataset/SSID_Images//805.jpg,a woman holding a small dog in her lap
Dataset/SSID_Images//806.jpg,a group of children sitting on a couch
Dataset/SSID_Images//807.jpg,a man is playing with a child in a living room
Dataset/SSID_Images//808.jpg,three children sitting on a couch with their hands in their mouths
Dataset/SSID_Images//809.jpg,two children sitting on a couch
Dataset/SSID_Images//810.jpg,three children sitting on a couch
Dataset/SSID_Images//811.jpg,a little girl petting a dog
Dataset/SSID_Images//812.jpg,a girl sitting on the floor with a dog
Dataset/SSID_Images//813.jpg,a woman sitting on the floor
Dataset/SSID_Images//814.jpg,a woman holding a baby in her lap
Dataset/SSID_Images//815.jpg,a woman sitting on the floor
Dataset/SSID_Images//816.jpg,two children playing with a dog in a living room
Dataset/SSID_Images//817.jpg,a little boy is standing in front of a cow
Dataset/SSID_Images//818.jpg,a woman sitting on the floor with two children and a dog
Dataset/SSID_Images//819.jpg,a woman standing next to a small dog
Dataset/SSID_Images//820.jpg,a little boy playing with a small dog
Dataset/SSID_Images//821.jpg,a dog is walking in a hallway with a table and a dog
Dataset/SSID_Images//822.jpg,a woman standing in a room with a baby
Dataset/SSID_Images//823.jpg,a child is pulling a suitcase in a hallway
Dataset/SSID_Images//824.jpg,a room with a bunch of clothes on the floor
Dataset/SSID_Images//825.jpg,a girl sitting on the floor with her feet on a bed
Dataset/SSID_Images//826.jpg,a man and woman are sitting in the back of a truck
Dataset/SSID_Images//827.jpg,a group of children sitting in a car eating food
Dataset/SSID_Images//828.jpg,a mountain with a lake and mountains in the background
Dataset/SSID_Images//829.jpg,a group of people sitting in a bus
Dataset/SSID_Images//830.jpg,a baby in a car seat with a woman
Dataset/SSID_Images//831.jpg,a mountain with a rock formation
Dataset/SSID_Images//832.jpg,two girls sitting on the sidewalk
Dataset/SSID_Images//833.jpg,a woman and a little girl sitting on the grass
Dataset/SSID_Images//834.jpg,a young girl is standing next to a car
Dataset/SSID_Images//835.jpg,a car driving down a mountain road
Dataset/SSID_Images//836.jpg,a bench on a deck overlooking a mountain
Dataset/SSID_Images//837.jpg,a group of people standing around a table
Dataset/SSID_Images//838.jpg,a man standing in front of a mirror
Dataset/SSID_Images//839.jpg,a woman is walking down a ramp with a skateboard
Dataset/SSID_Images//840.jpg,a woman is walking down a rocky trail
Dataset/SSID_Images//841.jpg,a little girl is standing on a hill
Dataset/SSID_Images//842.jpg,two little girls are playing with a bowl of food
Dataset/SSID_Images//843.jpg,a woman is holding an egg in her hand
Dataset/SSID_Images//844.jpg,a house on a hill
Dataset/SSID_Images//845.jpg,a man with a beard
Dataset/SSID_Images//846.jpg,a woman sitting in a car with a child
Dataset/SSID_Images//847.jpg,a group of people sitting in the back of a car
Dataset/SSID_Images//848.jpg,a man standing in front of a car
Dataset/SSID_Images//849.jpg,a car driving on a bridge over a river
Dataset/SSID_Images//850.jpg,a car driving down a highway with a truck behind it
Dataset/SSID_Images//851.jpg,a car parked in front of a building
Dataset/SSID_Images//852.jpg,a man walking through a store with a sign
Dataset/SSID_Images//853.jpg,a woman standing in a store with a man
Dataset/SSID_Images//854.jpg,a person holding a bag of bread
Dataset/SSID_Images//855.jpg,a group of people standing in a store
Dataset/SSID_Images//856.jpg,a man and woman shopping in a store
Dataset/SSID_Images//857.jpg,a man in a store
Dataset/SSID_Images//858.jpg,a woman standing in a room with a rack of clothes
Dataset/SSID_Images//859.jpg,a woman is standing in a room with a green counter
Dataset/SSID_Images//860.jpg,a woman and a young girl are standing in front of a store
Dataset/SSID_Images//861.jpg,a group of people standing around a car
Dataset/SSID_Images//862.jpg,a man in a car
Dataset/SSID_Images//863.jpg,a man in a black hoodie standing at a gas station
Dataset/SSID_Images//864.jpg,a man and woman standing next to a car at a gas station
Dataset/SSID_Images//865.jpg,a woman holding a child in her arms
Dataset/SSID_Images//866.jpg,a group of people riding bikes down a path
Dataset/SSID_Images//867.jpg,a man riding a bike down a dirt hill
Dataset/SSID_Images//868.jpg,a boy riding a bike
Dataset/SSID_Images//869.jpg,a person riding a bike down a hill
Dataset/SSID_Images//870.jpg,three people on bikes in the woods
Dataset/SSID_Images//871.jpg,a man riding a bike down a street
Dataset/SSID_Images//872.jpg,a group of people riding bikes down a street
Dataset/SSID_Images//873.jpg,a person riding a bike on a rock
Dataset/SSID_Images//874.jpg,a young boy wearing a helmet and holding a skateboard
Dataset/SSID_Images//875.jpg,a city with a lot of buildings and trees
Dataset/SSID_Images//876.jpg,a man riding a bike down a hill
Dataset/SSID_Images//877.jpg,a man riding a bike down a wooden path
Dataset/SSID_Images//878.jpg,two people riding bikes through the woods
Dataset/SSID_Images//879.jpg,a young boy riding a bike down a dirt road
Dataset/SSID_Images//880.jpg,a person riding a bike down a dirt trail
Dataset/SSID_Images//881.jpg,a woman and child riding bikes on a trail
Dataset/SSID_Images//882.jpg,a person riding a bike down a dirt road
Dataset/SSID_Images//883.jpg,two people riding bikes on a road
Dataset/SSID_Images//884.jpg,a person riding a bike down a street
Dataset/SSID_Images//885.jpg,a person riding a bike down a dirt road
Dataset/SSID_Images//886.jpg,a group of people riding bikes down a dirt road
Dataset/SSID_Images//887.jpg,a person riding a bike down a path
Dataset/SSID_Images//888.jpg,a boy riding a bike
Dataset/SSID_Images//889.jpg,a person riding a bike down a bridge
Dataset/SSID_Images//890.jpg,a skateboarder is riding down a ramp
Dataset/SSID_Images//891.jpg,a couple of people riding bikes on a path
Dataset/SSID_Images//892.jpg,a young boy riding a bike down a path
Dataset/SSID_Images//893.jpg,a person riding a bike down a dirt road
Dataset/SSID_Images//894.jpg,a man riding a bike on a dirt road
Dataset/SSID_Images//895.jpg,a man riding a bike down a dirt road
Dataset/SSID_Images//896.jpg,a group of people riding on the back of a motorcycle
Dataset/SSID_Images//897.jpg,a group of people riding bikes down a trail
Dataset/SSID_Images//898.jpg,a person riding a bike down a dirt road
Dataset/SSID_Images//899.jpg,a man in a blue shirt and helmet
Dataset/SSID_Images//900.jpg,a man riding a bike down a dirt covered path
Dataset/SSID_Images//901.jpg,a man riding a bike through a forest
Dataset/SSID_Images//902.jpg,a man riding a bike on a ramp
Dataset/SSID_Images//903.jpg,a man riding a bike down a dirt road
Dataset/SSID_Images//904.jpg,a man riding a bike
Dataset/SSID_Images//905.jpg,a man on a bike
Dataset/SSID_Images//906.jpg,two men on bikes talking to each other men
Dataset/SSID_Images//907.jpg,a man riding a bike down a dirt road
Dataset/SSID_Images//908.jpg,a man jumping a bike over a car
Dataset/SSID_Images//909.jpg,a man riding a bike down a street
Dataset/SSID_Images//910.jpg,a man is flying over a small bridge
Dataset/SSID_Images//911.jpg,a person riding a bike on a dirt trail
Dataset/SSID_Images//912.jpg,a boy riding a bike on a dirt road
Dataset/SSID_Images//913.jpg,a boy riding a bike
Dataset/SSID_Images//914.jpg,a man riding a bike down a street
Dataset/SSID_Images//915.jpg,a woman riding a bike down a street
Dataset/SSID_Images//916.jpg,a group of people standing in front of a building
Dataset/SSID_Images//917.jpg,a man riding a bike down a sidewalk
Dataset/SSID_Images//918.jpg,a group of people climbing up a metal structure
Dataset/SSID_Images//919.jpg,a man riding a bike down a ramp
Dataset/SSID_Images//920.jpg,a person on a bike doing tricks on a ramp
Dataset/SSID_Images//921.jpg,a plane on the tar
Dataset/SSID_Images//922.jpg,a man in a red shirt and black hat
Dataset/SSID_Images//923.jpg,a street with a few buildings
Dataset/SSID_Images//924.jpg,a street scene with a person riding a bike
Dataset/SSID_Images//925.jpg,a person riding a bike on a street
Dataset/SSID_Images//926.jpg,a person riding a bike down a street
Dataset/SSID_Images//927.jpg,a blue car driving down the street in front of a tall building
Dataset/SSID_Images//928.jpg,a monument in the middle of a park
Dataset/SSID_Images//929.jpg,a group of people standing around a table
Dataset/SSID_Images//930.jpg,a sunset on the beach with waves crashing in the water
Dataset/SSID_Images//931.jpg,a street scene with a person riding a bike
Dataset/SSID_Images//932.jpg,a blue truck
Dataset/SSID_Images//933.jpg,a street scene
Dataset/SSID_Images//934.jpg,a blue car parked on the side of a road
Dataset/SSID_Images//935.jpg,a street with people walking on it and a sunset in the background
Dataset/SSID_Images//936.jpg,a sunset over the water with buildings in the background
Dataset/SSID_Images//937.jpg,a group of people standing around a bunch of bikes
Dataset/SSID_Images//938.jpg,a group of people riding bikes down a street
Dataset/SSID_Images//939.jpg,a car is driving down the road with people watching
Dataset/SSID_Images//940.jpg,a group of people riding bikes down a road
Dataset/SSID_Images//941.jpg,a group of people riding bikes down a road
Dataset/SSID_Images//942.jpg,a person riding a bike down a road
Dataset/SSID_Images//943.jpg,a person riding a bike down a dirt road
Dataset/SSID_Images//944.jpg,a person riding a bike down a dirt road
Dataset/SSID_Images//945.jpg,a truck is driving down a dirt road
Dataset/SSID_Images//946.jpg,a group of people riding bikes down a dirt road
Dataset/SSID_Images//947.jpg,a group of people riding bikes down a dirt road
Dataset/SSID_Images//948.jpg,a person riding a bike down a dirt road
Dataset/SSID_Images//949.jpg,a person riding a bike down a dirt road
Dataset/SSID_Images//950.jpg,a person riding a bike down a dirt road
Dataset/SSID_Images//951.jpg,a man riding a bike down a muddy road
Dataset/SSID_Images//952.jpg,a man riding a bike through a stream
Dataset/SSID_Images//953.jpg,a man riding a bike down a muddy road
Dataset/SSID_Images//954.jpg,aerial view of a group of cyclists riding on a dirt road in the countryside of the countryside of
Dataset/SSID_Images//955.jpg,a man riding a bike down a road
Dataset/SSID_Images//956.jpg,a car driving down a dirt road with a large pile of dirt
Dataset/SSID_Images//957.jpg,a car driving down a dirt road in the middle of nowhere
Dataset/SSID_Images//958.jpg,a man driving a car on a dirt road
Dataset/SSID_Images//959.jpg,a large body of water
Dataset/SSID_Images//960.jpg,a group of people standing on top of a cliff
Dataset/SSID_Images//961.jpg,a group of people standing on top of a cliff
Dataset/SSID_Images//962.jpg,a man swimming in the water near a cliff
Dataset/SSID_Images//963.jpg,a woman swimming in the water with her dog
Dataset/SSID_Images//964.jpg,a man swimming in the water near a waterfall
Dataset/SSID_Images//965.jpg,a wooden walkway in the woods
Dataset/SSID_Images//966.jpg,a waterfall in the middle of a rocky area
Dataset/SSID_Images//967.jpg,a river with a waterfall in the middle
Dataset/SSID_Images//968.jpg,a little girl standing in the woods
Dataset/SSID_Images//969.jpg,a man in a hat and sunglasses is riding a motorcycle
Dataset/SSID_Images//970.jpg,a car driving down a dirt road in the woods
Dataset/SSID_Images//971.jpg,a boat is going down the river
Dataset/SSID_Images//972.jpg,a truck driving down a dirt road in the woods
Dataset/SSID_Images//973.jpg,a dirt road with trees and dirt on it
Dataset/SSID_Images//974.jpg,a car driving down a dirt road with a rock in the background
Dataset/SSID_Images//975.jpg,a dog is sitting in the back of a car
Dataset/SSID_Images//976.jpg,a group of people standing on a cliff
Dataset/SSID_Images//977.jpg,a man riding a bike down a dirt road
Dataset/SSID_Images//978.jpg,a person is standing on a rock in the water
Dataset/SSID_Images//979.jpg,a man in yellow shirt standing in water
Dataset/SSID_Images//980.jpg,a car is parked in the water near a rock
Dataset/SSID_Images//981.jpg,a truck driving down a road in the middle of the desert
Dataset/SSID_Images//982.jpg,a woman taking a self self self self self self self self self self self self self self self
Dataset/SSID_Images//983.jpg,a car driving down a road with a sun shining on the roof
Dataset/SSID_Images//984.jpg,a long road in the middle of a desert
Dataset/SSID_Images//985.jpg,a truck is driving down the road with a trailer
Dataset/SSID_Images//986.jpg,a view of the desert from a hill
Dataset/SSID_Images//987.jpg,a couple of people walking on a rocky trail
Dataset/SSID_Images//988.jpg,a person standing in a cave
Dataset/SSID_Images//989.jpg,a view of the mountains from a hill
Dataset/SSID_Images//990.jpg,a person holding a cup of coffee in their hand
Dataset/SSID_Images//991.jpg,a man and a little girl walking down a trail
Dataset/SSID_Images//992.jpg,a person walking on a wooden plank
Dataset/SSID_Images//993.jpg,a woman standing on a rocky trail
Dataset/SSID_Images//994.jpg,two people walking down a trail in the woods
Dataset/SSID_Images//995.jpg,a man walking down a rocky trail
Dataset/SSID_Images//996.jpg,a group of people standing around a rock
Dataset/SSID_Images//997.jpg,a view of the mountains from a trail
Dataset/SSID_Images//998.jpg,a bush with some trees and rocks in the background
Dataset/SSID_Images//999.jpg,a woman in a hat and sunglasses standing in a desert
Dataset/SSID_Images//1000.jpg,a man and a little girl are playing with a frc
